model,seed,n_train,n_test,precision,recall,f1,auc,threshold,seconds
RF,0,402542,172519,0.9974298141557928,0.9988121164125916,0.9981204866950243,0.9999959781570564,,0.5
MLP,0,402542,172519,0.9958563535911602,0.9992080776083944,0.9975294001383536,0.9999850256691228,,72.2
IForest,0,402542,172519,0.7555786196159834,0.5765195010888933,0.654014598540146,0.9500330435420133,0.6090963299266389,0.7
AE,0,402542,172519,0.7481854540068138,1.0,0.8559566175224538,0.9998215700275184,5.545222302316688e-05,3.2
RF,1,402542,172519,0.9972310126582279,0.9982181746188874,0.9977243494607697,0.9998005570212283,,0.5
MLP,1,402542,172519,0.9960497728619395,0.9984161552167887,0.9972315602135654,0.9999947569448987,,63.4
IForest,1,402542,172519,0.7573755015341043,0.6353197386656108,0.6909991386735572,0.9659479028434533,0.5928824827100581,0.7
AE,1,402542,172519,0.7160988643954576,0.6367056028509206,0.6740725214839657,0.9935180588574323,0.01668602228164673,1.8
RF,2,402542,172519,0.9980217606330366,0.9988121164125916,0.9984167821096378,0.9999990601513404,,0.4
MLP,2,402542,172519,0.9972326546748369,0.9988121164125916,0.9980217606330366,0.9999981811859587,,63.4
IForest,2,402542,172519,0.7479757085020243,0.5852306473965552,0.6566699988892591,0.961597367633098,0.6085208326595434,0.7
AE,2,402542,172519,0.8788933356533843,1.0,0.9355436191887386,0.9998462236173901,1.2783608326571994e-05,1.8
RF,3,402542,172519,0.997229916897507,0.9978222134230845,0.9975259772389906,0.9998005753453216,,0.5
MLP,3,402542,172519,0.994478406625912,0.9984161552167887,0.996443390634262,0.9999901930634514,,63.4
IForest,3,402542,172519,0.7531540109497739,0.6264106117600475,0.683960224816256,0.9581985669168724,0.5814644515275446,0.7
AE,3,402542,172519,0.7297023981508235,1.0,0.843731729725215,0.999729824247544,1.1727053788490593e-05,1.8
RF,4,402542,172519,0.9976270516116275,0.9988121164125916,0.9982192322912544,0.9999992037885883,,0.5
MLP,4,402542,172519,0.9958579881656805,0.9996040388041972,0.9977274972828772,0.9999968281585487,,63.4
IForest,4,402542,172519,0.7568426197458455,0.6131459117006534,0.6774581647161763,0.9620662717246845,0.6082177728018568,0.7
AE,4,402542,172519,0.8878537528563896,1.0,0.9405959031657356,0.9998070094664915,0.0003642931114882231,1.8
RF,5,402542,172519,0.9970338145145343,0.9982181746188874,0.9976256430550059,0.9996987944642814,,0.4
MLP,5,402542,172519,0.9958555358200119,0.9990100970104929,0.9974303221980628,0.9999968919973256,,63.4
IForest,5,402542,172519,0.7537688442211056,0.6236388833894279,0.6825568797399784,0.964893922272752,0.5753400085497203,0.7
AE,5,402542,172519,0.8729692360871069,1.0,0.9321768016978869,0.9998687380171365,6.444597238441929e-05,1.8
RF,6,402542,172519,0.9984161552167887,0.9984161552167887,0.9984161552167887,0.9999990761110347,,0.4
MLP,6,402542,172519,0.996249506514015,0.9992080776083944,0.997726598794109,0.9999848613433824,,69.2
IForest,6,402542,172519,0.7536523929471033,0.5923579489210058,0.66334109300521,0.9512043716066174,0.6205188159051945,0.8
AE,6,402542,172519,0.7871279414056412,1.0,0.8808859434949424,0.9998278995240261,9.377968672197312e-05,3.3
RF,7,402542,172519,0.9980225430096895,0.9992080776083944,0.9986149584487535,0.9999993101865499,,0.5
MLP,7,402542,172519,0.9950719495367633,0.9994060582062958,0.99723429474516,0.9999852071367572,,63.4
IForest,7,402542,172519,0.7662111801242236,0.610572163927935,0.6795945350374615,0.9615580151648494,0.6105667023011858,0.7
AE,7,402542,172519,0.9360637509266123,1.0,0.9669761654063368,0.9998556664364704,9.702598617877811e-05,1.7
RF,8,402542,172519,0.9970344009489917,0.9984161552167887,0.9977247996834504,0.9999003748598791,,0.5
MLP,8,402542,172519,0.9946818987591097,0.9998020194020986,0.9972353870458136,0.9999930770393072,,63.4
IForest,8,402542,172519,0.7662243667068758,0.6287863789348643,0.6907351022183558,0.9602681662732677,0.592248560294947,0.7
AE,8,402542,172519,0.933641404805915,1.0,0.965682057164707,0.999827532451059,0.00027659296756610274,1.6
RF,9,402542,172519,0.9970367443698143,0.9992080776083944,0.9981212300998714,0.9999990459649455,,0.4
MLP,9,402542,172519,0.9783071857447221,1.0,0.9890346583121207,0.9999848749386776,,63.4
IForest,9,402542,172519,0.7563207320009632,0.6218570580083151,0.682529335071708,0.9593645715368041,0.5826204459286605,0.7
AE,9,402542,172519,0.7454250295159386,1.0,0.8541472900989262,0.9984701770084249,0.002505055395886302,1.8
