EventId,mean_abs_shap,mean_shap_anomalous,mean_shap_normal,template
2e68ccc3,0.14306303377520768,0.27295496254432317,-0.008049206048330685,Unexpected error trying to delete block <*>. BlockInfo not found in volumeMap.
46003790,0.0700394971220251,0.1341922709201916,-0.003730958869697594,Received block <*> of size <*> from /<*>
bbb51b95,0.06386840244798585,0.12333464245040578,-0.0029916859132496035,Receiving block <*> src: /<*> dest: /<*>
5d5de21c,0.06271538340332529,0.1200208834179048,-0.004080547341959432,BLOCK* NameSystem.addStoredBlock: blockMap updated: <*> is added to <*> size <*>
dba996ef,0.034975095675548164,0.055360655377735116,0.011357172348149529,Deleting block <*> file <*>
d38aa58d,0.02824474248385222,0.05310700318600437,-0.002127854094192232,PacketResponder <*> for block <*> <*>
c294d20f,0.02543385096513567,0.04771997554234463,-0.0016478419320449338,BLOCK* NameSystem.addStoredBlock: Redundant addStoredBlock request received for <*> on <*> size <*>
40651754,0.020069825634581824,0.03853949334722534,-0.000502146318489733,<*> Starting thread to transfer block <*> to <*>
8f2bc724,0.015286959187011463,0.028954208077437284,-0.0008836448988474964,BLOCK* NameSystem.addStoredBlock: addStoredBlock request received for <*> on <*> size <*> But it does not belong to any file.
0567184d,0.014097274582693178,0.026416267118412478,-0.0009067440073816316,Receiving empty packet for block <*>
