dataset,model,features,n_features,seed,n_train,n_test,precision,recall,f1,auc,seconds
BGL,RF,all,379,0,660,166,0.9864864864864864,0.8902439024390244,0.935897435897436,0.9835946573751452,0.1
BGL,MLP,all,379,0,660,166,0.7701149425287356,0.8170731707317073,0.7928994082840237,0.8773954703832753,4.0
BGL,RF,reduced,122,0,660,166,0.971830985915493,0.8414634146341463,0.9019607843137256,0.9712543554006968,0.1
BGL,MLP,reduced,122,0,660,166,0.8072289156626506,0.8170731707317073,0.8121212121212121,0.8748548199767712,2.9
BGL,RF,all,379,1,660,166,0.95,0.926829268292683,0.9382716049382716,0.9915795586527294,0.3
BGL,MLP,all,379,1,660,166,0.7659574468085106,0.8780487804878049,0.8181818181818182,0.8898083623693379,5.1
BGL,RF,reduced,124,1,660,166,0.9672131147540984,0.7195121951219512,0.8251748251748252,0.9232723577235772,0.0
BGL,MLP,reduced,124,1,660,166,0.6635514018691588,0.8658536585365854,0.7513227513227513,0.8262195121951219,2.4
BGL,RF,all,379,2,660,166,0.9487179487179488,0.902439024390244,0.925,0.9819976771196284,0.1
BGL,MLP,all,379,2,660,166,0.7666666666666667,0.8414634146341463,0.8023255813953488,0.8995354239256679,5.8
BGL,RF,reduced,129,2,660,166,0.9,0.7682926829268293,0.8289473684210527,0.9046893147502904,0.1
BGL,MLP,reduced,129,2,660,166,0.6947368421052632,0.8048780487804879,0.7457627118644068,0.8424070847851337,2.4
BGL,RF,all,379,3,660,166,0.9855072463768116,0.8292682926829268,0.9006622516556292,0.9870789779326364,0.1
BGL,MLP,all,379,3,660,166,0.8222222222222222,0.902439024390244,0.8604651162790697,0.928644018583043,2.8
BGL,RF,reduced,121,3,660,166,0.9594594594594594,0.8658536585365854,0.9102564102564102,0.9829413472706156,0.0
BGL,MLP,reduced,121,3,660,166,0.8636363636363636,0.926829268292683,0.8941176470588236,0.9641405342624854,2.3
BGL,RF,all,379,4,660,166,0.945945945945946,0.8536585365853658,0.8974358974358975,0.9700929152148664,0.1
BGL,MLP,all,379,4,660,166,0.8481012658227848,0.8170731707317073,0.8322981366459627,0.9074477351916376,3.9
BGL,RF,reduced,117,4,660,166,0.8333333333333334,0.6097560975609756,0.704225352112676,0.857650987224158,0.0
BGL,MLP,reduced,117,4,660,166,0.6847826086956522,0.7682926829268293,0.7241379310344828,0.8314459930313587,2.7
